source airport,destination airport,airplane type,flight_hours,total Cost,break even cost per ticket, profit/loss per flight,profit/loss per hour, percent full
Hartsfield-Jackson Atlanta International Airport,O'Hare International Airport,Boeing 737-600,1.0045778768655576,10807.479258448564,302.7305114411363,1301.7411991968875,1295.809144492139,0.33613445378151263
Hartsfield-Jackson Atlanta International Airport,Los Angeles International Airport,Boeing 737-600,3.183972466472474,25576.05400649632,716.4160786133424,29587.984046731042,9292.788916454292,0.6470588235294118
Hartsfield-Jackson Atlanta International Airport,Los Angeles International Airport,Boeing 767-800,3.183972466472474,30970.067508120403,546.209303494187,11088.048860931995,3482.4575204999983,0.4074074074074074
Hartsfield-Jackson Atlanta International Airport,Los Angeles International Airport,Airbus A200-100,3.3904058461668427,24818.999479952592,612.814801974138,22367.74027205604,6597.363645223999,0.5703703703703704
Hartsfield-Jackson Atlanta International Airport,Los Angeles International Airport,Airbus A220-300,3.3904058461668427,21980.0450054136,457.91760427945,13279.61052410405,3916.820323772695,0.48125
Hartsfield-Jackson Atlanta International Airport,Paris Charles de Gaulle Airport,Boeing 737-600,7.5204869807977826,54962.2601833037,1539.559108776014,29713.49079937707,3951.0062147897,0.46218487394957986
Hartsfield-Jackson Atlanta International Airport,Paris Charles de Gaulle Airport,Airbus A200-100,8.008078993838518,53174.11070318779,1312.9410050169824,19037.64457274624,2377.30479274667,0.4074074074074074
Hartsfield-Jackson Atlanta International Airport,Paris Charles de Gaulle Airport,Airbus A220-300,8.008078993838518,46468.55015275309,968.0947948490226,6776.663563943155,846.228361278301,0.34375
Dallas/Fort Worth International Airport,O'Hare International Airport,Boeing 737-600,1.341741675608003,13092.255401240422,366.72984317200064,5610.96660053161,4181.853111172858,0.42857142857142855
Dallas/Fort Worth International Airport,O'Hare International Airport,Airbus A200-100,1.428733718312258,12773.228895933742,315.3883678008331,3311.577861908747,2317.841190043912,0.37777777777777777
Dallas/Fort Worth International Airport,O'Hare International Airport,Airbus A220-300,1.428733718312258,11576.879501033687,241.1849896048685,723.5549688146057,506.43094618732067,0.31875
Dallas/Fort Worth International Airport,Los Angeles International Airport,Boeing 737-600,2.0302095537747746,17757.62869748674,497.4125685570516,30491.390452547268,15018.839013861665,0.8151260504201681
Dallas/Fort Worth International Airport,Los Angeles International Airport,Boeing 767-800,2.0302095537747746,21197.035871858425,373.84542983877293,15065.970822502546,7420.894456185738,0.5132275132275133
Dallas/Fort Worth International Airport,Los Angeles International Airport,Airbus A200-100,2.161838524843689,17274.904883539835,426.54086132197125,24099.558664691373,11147.714497517285,0.7185185185185186
Dallas/Fort Worth International Airport,Los Angeles International Airport,Airbus A220-300,2.161838524843689,15464.690581238949,322.18105377581145,15786.871635014762,7302.5211890681,0.60625
Dallas/Fort Worth International Airport,San Francisco International Airport,Boeing 737-600,2.404225878138927,20292.134412836953,568.4071264099988,738.9292643330009,307.34602395387003,0.31092436974789917
Dallas/Fort Worth International Airport,George Bush Intercontinental Airport,Boeing 737-600,0.3732485929843035,6529.30321630585,182.89364751557005,420.6553892858119,1127.0113195135393,0.31932773109243695
Dallas/Fort Worth International Airport,Paris Charles de Gaulle Airport,Boeing 737-600,8.500495398676625,61603.24554785403,1725.5811077830263,57461.850889174784,6759.823774285033,0.5798319327731093
Dallas/Fort Worth International Airport,Paris Charles de Gaulle Airport,Boeing 767-800,8.500495398676625,76004.05693481753,1340.45955793329,16487.652562579475,1939.6107861132784,0.36507936507936506
Dallas/Fort Worth International Airport,Paris Charles de Gaulle Airport,Airbus A200-100,9.051626419030384,59582.07903740301,1471.1624453679756,41928.1296929873,4632.1100487351605,0.5111111111111111
Dallas/Fort Worth International Airport,Paris Charles de Gaulle Airport,Airbus A220-300,9.051626419030384,52002.70462321169,1083.3896796502436,22751.183272655115,2513.491191463935,0.43125
Denver International Airport,Los Angeles International Airport,Boeing 737-600,1.4216095482440827,13633.47664342321,381.89010205667256,114.56703061700318,80.58966033149676,0.3025210084033613
O'Hare International Airport,Hartsfield-Jackson Atlanta International Airport,Boeing 737-600,1.013440094877643,10867.533701902325,304.41270873675984,1613.3873563048292,1591.990848259877,0.3445378151260504
O'Hare International Airport,Hartsfield-Jackson Atlanta International Airport,Airbus A200-100,1.0791466504796001,10626.567607098736,262.3843853604626,131.19219268023153,121.57030985726212,0.3037037037037037
O'Hare International Airport,Dallas/Fort Worth International Airport,Boeing 737-600,1.3262513075657343,12987.28558099861,363.7895120727903,5565.979534713693,4196.77590737291,0.42857142857142855
O'Hare International Airport,Dallas/Fort Worth International Airport,Airbus A200-100,1.4122390297046115,12671.942227279362,312.88746240195957,3285.3183552205755,2326.3189064444305,0.37777777777777777
O'Hare International Airport,Dallas/Fort Worth International Airport,Airbus A220-300,1.4122390297046115,11489.404650832177,239.36259689233702,718.0877906770111,508.4746813910168,0.31875
O'Hare International Airport,Los Angeles International Airport,Boeing 737-600,2.858232067403237,23368.688045759216,654.5850993209865,57799.86427004311,20222.243298304144,1.0420168067226891
O'Hare International Airport,Los Angeles International Airport,Boeing 767-800,2.858232067403237,28210.860057199017,497.5460327548328,33484.84800440025,11715.2306792296,0.656084656084656
O'Hare International Airport,Los Angeles International Airport,Airbus A200-100,3.04354601463048,22689.08495643433,560.2243199119588,46778.73071264856,15369.81221502183,0.9185185185185185
O'Hare International Airport,Los Angeles International Airport,Airbus A220-300,3.04354601463048,20140.57337146601,419.59527857220854,31889.241171487847,10477.660274625272,0.775
O'Hare International Airport,John F. Kennedy International Airport,Boeing 737-600,1.2339515899715807,12361.820470176795,346.26948095733326,3220.3061729032015,2609.7508192986475,0.37815126050420167
O'Hare International Airport,John F. Kennedy International Airport,Airbus A200-100,1.3139550447060018,12068.423260696909,297.98575952338047,1340.9359178552113,1020.5340915261271,0.3333333333333333
O'Hare International Airport,Newark Liberty International Airport,Boeing 737-600,1.1985052345018712,12121.61974984983,339.5411694635807,3157.7328760113014,2634.7259779167625,0.37815126050420167
O'Hare International Airport,Newark Liberty International Airport,Airbus A200-100,1.276210518936608,11836.650635820011,292.2629786622225,1315.1834039800015,1030.5379750951022,0.3333333333333333
O'Hare International Airport,San Francisco International Airport,Boeing 737-600,3.0214189426608296,24474.51696569646,685.5606993192287,8432.396601626515,2790.87301749703,0.40336134453781514
O'Hare International Airport,San Francisco International Airport,Airbus A200-100,3.217313137844334,23756.112861636942,586.5706879416529,4399.280159562393,1367.3770537952676,0.35555555555555557
O'Hare International Airport,George Bush Intercontinental Airport,Boeing 737-600,1.5288511749049285,14360.194965564495,402.24635757883743,4947.630198219702,3236.1751617369623,0.40336134453781514
O'Hare International Airport,George Bush Intercontinental Airport,Airbus A200-100,1.6279744928383248,13996.679352737674,345.5970210552512,2591.9776579143854,1592.1488139506105,0.35555555555555557
O'Hare International Airport,LaGuardia Airport,Boeing 737-600,1.2227651070443337,12286.01574437512,344.14609928221626,3200.5587233246115,2617.4763287619467,0.37815126050420167
O'Hare International Airport,LaGuardia Airport,Airbus A200-100,1.302043284314241,11995.278349835644,296.1797123416208,1332.8087055372926,1023.6285702585187,0.3333333333333333
O'Hare International Airport,Philadelphia International Airport,Boeing 737-600,1.1300286823018684,11657.591306135679,326.5431738413356,2057.221995200416,1820.50422915802,0.35294117647058826
O'Hare International Airport,Philadelphia International Airport,Airbus A200-100,1.2032942781873741,11388.903891885304,281.20750350334083,421.81125525501193,350.54704647180955,0.3111111111111111
O'Hare International Airport,Paris Charles de Gaulle Airport,Boeing 737-600,7.090731482093436,52050.040323592824,1457.9843227897152,76252.58008190211,10753.838341568342,0.7394957983193278
O'Hare International Airport,Paris Charles de Gaulle Airport,Boeing 767-800,7.090731482093436,64062.55040449104,1129.8509771515176,35364.335584842505,4987.4030167620585,0.4656084656084656
O'Hare International Airport,Paris Charles de Gaulle Airport,Airbus A200-100,7.550460226536856,50364.07399644923,1243.557382628376,59068.97567484786,7823.228505627243,0.6518518518518519
O'Hare International Airport,Paris Charles de Gaulle Airport,Airbus A220-300,7.550460226536856,44041.700269660694,917.5354222845978,36701.41689138391,4860.818518372306,0.55
Los Angeles International Airport,Hartsfield-Jackson Atlanta International Airport,Boeing 737-600,3.2747515567076833,26191.214650691676,733.6474692070499,35435.17276270052,10820.720946026744,0.7058823529411765
Los Angeles International Airport,Hartsfield-Jackson Atlanta International Airport,Boeing 767-800,3.2747515567076833,31739.0183133646,559.7710460910864,15281.749558286661,4666.537077289118,0.4444444444444444
Los Angeles International Airport,Hartsfield-Jackson Atlanta International Airport,Airbus A200-100,3.4870706136810385,25412.575540141093,627.4710009911381,27294.98854311451,7827.483744099245,0.6222222222222222
Los Angeles International Airport,Hartsfield-Jackson Atlanta International Airport,Airbus A220-300,3.4870706136810385,22492.6788755764,468.59747657450833,16869.509156682303,4837.730870862529,0.525
Los Angeles International Airport,Dallas/Fort Worth International Airport,Boeing 737-600,2.0667364568417845,18005.151702651732,504.34598606867604,34951.17683455925,16911.288673916722,0.8823529411764706
Los Angeles International Airport,Dallas/Fort Worth International Airport,Boeing 767-800,2.0667364568417845,21506.439628314663,379.3022862136625,18320.3004241199,8864.362150999876,0.5555555555555556
Los Angeles International Airport,Dallas/Fort Worth International Airport,Airbus A200-100,2.200733655691966,17513.742870979742,432.43809557974674,27892.25716489367,12674.072163504783,0.7777777777777778
Los Angeles International Airport,Dallas/Fort Worth International Airport,Airbus A220-300,2.200733655691966,15670.959752209776,326.478328171037,18609.264705749112,8455.936799811376,0.65625
Los Angeles International Airport,Denver International Airport,Boeing 737-600,1.4394225799087526,13754.185894920649,385.2713135832115,2041.9379619910233,1418.5813050955926,0.3445378151260504
Los Angeles International Airport,Denver International Airport,Airbus A200-100,1.5327477801445948,13411.93375825677,331.1588582285622,165.57942911428108,108.02783814742229,0.3037037037037037
Los Angeles International Airport,O'Hare International Airport,Boeing 737-600,2.9311710931526336,23862.956251694344,668.4301471062843,64369.823166335176,21960.445542297544,1.1092436974789917
Los Angeles International Airport,O'Hare International Airport,Boeing 767-800,2.9311710931526336,28828.695314617933,508.4425981414098,38285.727640048164,13061.580652690522,0.6984126984126984
Los Angeles International Airport,O'Hare International Airport,Airbus A200-100,3.121214054137255,23166.010418301565,572.000257242014,52338.02353764427,16768.482593582066,0.9777777777777777
Los Angeles International Airport,O'Hare International Airport,Airbus A220-300,3.121214054137255,20552.463543078622,428.17632381413796,35966.81120038759,11523.340141542869,0.825
Los Angeles International Airport,John F. Kennedy International Airport,Boeing 737-600,4.179237039927548,32320.422060473295,905.3339512737618,50970.3014567128,12196.078128556313,0.773109243697479
Los Angeles International Airport,John F. Kennedy International Airport,Boeing 767-800,4.179237039927548,39400.52757559162,694.8946662361839,24529.781718137296,5869.440159480054,0.48677248677248675
Los Angeles International Airport,John F. Kennedy International Airport,Airbus A200-100,4.450198562296477,31326.72304080757,773.4993343409277,39835.21571855778,8951.3344541645,0.6814814814814815
Los Angeles International Airport,John F. Kennedy International Airport,Airbus A220-300,4.450198562296477,27600.35171706108,575.0073274387724,25300.322407305983,5685.212031134633,0.575
Los Angeles International Airport,Orlando International Airport,Boeing 737-600,3.7394881333357497,29340.482297227107,821.8622492220479,1068.420923988666,285.71314733270685,0.31092436974789917
Los Angeles International Airport,Miami International Airport,Boeing 737-600,3.954232029118516,30795.68517406217,862.6242345675679,5434.532677775678,1374.3585701993197,0.35294117647058826
Los Angeles International Airport,Miami International Airport,Airbus A200-100,4.210605314522903,29855.48569427052,737.1724862782844,1105.7587294174264,262.61277104351876,0.3111111111111111
Los Angeles International Airport,Charlotte Douglas International Airport,Boeing 737-600,3.57927122995808,28254.779265422923,791.4503995916787,237.43511987750753,66.33616304073395,0.3025210084033613
Los Angeles International Airport,Seattle-Tacoma International Airport,Boeing 737-600,1.5766447108692787,14684.065829394769,411.3183705712821,7938.444552025749,5035.02437632186,0.46218487394957986
Los Angeles International Airport,Seattle-Tacoma International Airport,Airbus A200-100,1.6788667305849794,14309.18632660899,353.31324263232074,5123.0420181686495,3051.48820024779,0.4074074074074074
Los Angeles International Airport,Seattle-Tacoma International Airport,Airbus A220-300,1.6788667305849794,12903.388191162308,268.8205873158814,1881.74411121117,1120.8418613164731,0.34375
Los Angeles International Airport,Phoenix Sky Harbor International Airport,Boeing 737-600,0.6159850488514008,8174.196486044581,228.96908924494628,6937.763404121873,11262.876293926944,0.5546218487394958
Los Angeles International Airport,Phoenix Sky Harbor International Airport,Boeing 767-800,0.6159850488514008,9217.745607555727,162.57046926906045,1511.9053642022627,2454.4513978406517,0.3492063492063492
Los Angeles International Airport,Phoenix Sky Harbor International Airport,Airbus A200-100,0.6559225410296785,8027.733451446527,198.21564077645746,5054.498839799666,7705.938618704926,0.4888888888888889
Los Angeles International Airport,Phoenix Sky Harbor International Airport,Airbus A220-300,0.6559225410296785,7478.497071703819,155.8020223271629,2804.436401888933,4275.560339009665,0.4125
Los Angeles International Airport,Newark Liberty International Airport,Boeing 737-600,4.14312295865702,32075.696524655075,898.4788942480415,50584.361746164745,12209.234978283506,0.773109243697479
Los Angeles International Airport,Newark Liberty International Airport,Boeing 767-800,4.14312295865702,39094.62065581885,689.499482465941,24339.33173104772,5874.634176663981,0.48677248677248675
Los Angeles International Airport,Newark Liberty International Airport,Airbus A200-100,4.411743018613904,31090.584365895254,767.6687497751915,39534.94061342237,8961.297257482505,0.6814814814814815
Los Angeles International Airport,Newark Liberty International Airport,Airbus A220-300,4.411743018613904,27396.4137705459,570.7586202197062,25113.37928966708,5692.393954885723,0.575
Los Angeles International Airport,San Francisco International Airport,Boeing 737-600,0.5600370687091313,7795.067378046553,218.34922627581383,13384.80757070739,23899.860060261675,0.8151260504201681
Los Angeles International Airport,San Francisco International Airport,Boeing 767-800,0.5600370687091313,8743.834222558191,154.21224378409508,6214.753424499031,11097.039413522845,0.5132275132275133
Los Angeles International Airport,San Francisco International Airport,Airbus A200-100,0.5963471643726903,7661.907119167727,189.1828918313019,10688.833388468558,17923.843739095093,0.7185185185185186
Los Angeles International Airport,San Francisco International Airport,Airbus A220-300,0.5963471643726903,7162.556148372128,149.21991975775265,7311.77606812988,12260.938770156283,0.60625
Los Angeles International Airport,George Bush Intercontinental Airport,Boeing 737-600,2.311090310683883,19661.00520098103,550.7284370022699,33759.65318823914,14607.673716674966,0.8151260504201681
Los Angeles International Airport,George Bush Intercontinental Airport,Boeing 767-800,2.311090310683883,23576.256501226293,415.80699296695406,16757.021816568253,7250.699697498892,0.5132275132275133
Los Angeles International Airport,George Bush Intercontinental Airport,Airbus A200-100,2.460930231926025,19111.49624656065,471.8887962113741,26661.716985942636,10833.999534020142,0.7185185185185186
Los Angeles International Airport,George Bush Intercontinental Airport,Airbus A220-300,2.460930231926025,17050.837667484197,355.2257847392541,17406.06345222345,7072.9609585887165,0.60625
Los Angeles International Airport,Logan International Airport,Boeing 737-600,4.413318450164055,33906.664781590545,949.7665204927325,30677.458611915266,6951.109229558294,0.5714285714285714
Los Angeles International Airport,Logan International Airport,Boeing 767-800,4.413318450164055,41383.330976988174,729.8647438622254,8247.47160564315,1868.7687504935361,0.35978835978835977
Los Angeles International Airport,Logan International Airport,Airbus A200-100,4.699456679350516,32857.308122587376,811.2915585824044,22310.517861016124,4747.467501732462,0.5037037037037037
Los Angeles International Airport,Logan International Airport,Airbus A220-300,4.699456679350516,28922.220651325453,602.5462635692803,12050.925271385608,2564.323089589815,0.425
Los Angeles International Airport,Fort Lauderdale-Hollywood International Airport,Boeing 737-600,3.954008945824375,30794.17345960703,862.5818896248469,5434.265904636537,1374.3686418249977,0.35294117647058826
Los Angeles International Airport,Fort Lauderdale-Hollywood International Airport,Airbus A200-100,4.2103677675866145,29854.02702242784,737.1364696895763,1105.7047045343643,262.61475613759865,0.3111111111111111
Los Angeles International Airport,Minneapolis-Saint Paul International Airport,Boeing 737-600,2.578155326405506,21470.75992189402,601.4218465516533,9201.754252240298,3569.1233022292304,0.42857142857142855
Los Angeles International Airport,Minneapolis-Saint Paul International Airport,Airbus A200-100,2.745310451963665,20857.750801827566,515.0061926377176,5407.5650226960315,1969.746269981273,0.37777777777777777
Los Angeles International Airport,Minneapolis-Saint Paul International Airport,Airbus A220-300,2.745310451963665,18558.96660157835,386.6451375328823,1159.9354125986465,422.5152065293629,0.31875
Los Angeles International Airport,LaGuardia Airport,Boeing 737-600,4.169731813200841,32256.010295811695,903.5297001627927,50868.722119165235,12199.518913451777,0.773109243697479
Los Angeles International Airport,LaGuardia Airport,Boeing 767-800,4.169731813200841,39320.012869764614,693.4746537877357,24479.655278707076,5870.798501046901,0.48677248677248675
Los Angeles International Airport,LaGuardia Airport,Airbus A200-100,4.4400770626281485,31264.57133806392,771.96472439664,39756.18330642696,8953.939930694509,0.6814814814814815
Los Angeles International Airport,LaGuardia Airport,Airbus A220-300,4.4400770626281485,27546.675246509745,573.8890676356197,25251.118975967263,5687.090250866219,0.575
Los Angeles International Airport,Detroit Metropolitan Airport,Boeing 737-600,3.3304214002523698,26568.458977865175,744.214537195103,18084.41325384101,5430.067574172633,0.5042016806722689
Los Angeles International Airport,Detroit Metropolitan Airport,Boeing 767-800,3.3304214002523698,32210.573722331475,568.0877199705728,1874.6894759028983,562.8985796694795,0.31746031746031744
Los Angeles International Airport,Detroit Metropolitan Airport,Airbus A200-100,3.5463498207082926,25776.583224255875,636.4588450433549,12410.94747834542,3499.6399412922697,0.4444444444444444
Los Angeles International Airport,Detroit Metropolitan Airport,Airbus A220-300,3.5463498207082926,22807.04914822098,475.14685725460373,5701.762287055244,1607.7833759548466,0.375
Los Angeles International Airport,Philadelphia International Airport,Boeing 737-600,4.053030598257759,31465.18947598679,881.3778564702183,43451.92832398176,10720.848824250195,0.7142857142857143
Los Angeles International Airport,Philadelphia International Airport,Boeing 767-800,4.053030598257759,38331.48684498349,676.0403323630246,19131.9414058736,4720.403890880489,0.4497354497354497
Los Angeles International Airport,Philadelphia International Airport,Airbus A200-100,4.315809505177767,30501.498617180245,753.1234226464258,33513.99230776595,7765.401199371407,0.6296296296296297
Los Angeles International Airport,Philadelphia International Airport,Airbus A220-300,4.315809505177767,26887.657896655663,560.1595395136596,20725.902962005406,4802.321079542577,0.53125
Los Angeles International Airport,San Diego International Airport,Boeing 737-600,-0.0010319917440660474,3993.006751836364,111.84892862286735,1040.1950361926665,-1007948.9900706939,0.37815126050420167
Los Angeles International Airport,San Diego International Airport,Airbus A200-100,-0.001098901098901099,3993.252128964912,98.59881799913363,443.69468099610094,-403762.1597064519,0.3333333333333333
Los Angeles International Airport,Tampa International Airport,Boeing 737-600,3.6375053464969898,28649.400279484697,802.5042095093753,5858.280729418439,1610.521544678996,0.36134453781512604
Los Angeles International Airport,Tampa International Airport,Airbus A200-100,3.8733436052259154,27784.509041608042,686.0372602866183,1715.0931507165478,442.79395930754606,0.31851851851851853
Los Angeles International Airport,Paris Charles de Gaulle Airport,Boeing 737-600,9.787775565431794,70326.4448505705,1969.9284271868487,282290.74361587537,28841.154124218207,1.504201680672269
Los Angeles International Airport,Paris Charles de Gaulle Airport,Boeing 767-800,9.787775565431794,86908.05606321312,1532.7699482048172,187457.76466544913,19152.23366251955,0.9470899470899471
Los Angeles International Airport,Paris Charles de Gaulle Airport,Airbus A200-100,10.422367607586162,67999.20117160311,1678.9926215210644,232540.47808066744,22311.674931846337,1.325925925925926
Los Angeles International Airport,Paris Charles de Gaulle Airport,Airbus A220-300,10.422367607586162,59272.037375475426,1234.8341119890713,161763.26867056833,15520.779419910807,1.11875
John F. Kennedy International Airport,O'Hare International Airport,Boeing 737-600,1.2208380204378646,12272.956923944288,343.7803059928372,2853.3765397405496,2337.2277828611204,0.3697478991596639
John F. Kennedy International Airport,O'Hare International Airport,Airbus A200-100,1.2999912547299897,11982.677733630455,295.8685860155668,1035.5400510544841,796.5746287036119,0.32592592592592595
John F. Kennedy International Airport,Los Angeles International Airport,Boeing 737-600,4.03249259997136,31326.014604068503,877.4794006741879,43259.73445323747,10727.790164709717,0.7142857142857143
John F. Kennedy International Airport,Los Angeles International Airport,Boeing 767-800,4.03249259997136,38157.51825508563,672.972103264297,19045.110522379604,4722.9127023109395,0.4497354497354497
John F. Kennedy International Airport,Los Angeles International Airport,Airbus A200-100,4.293939922387085,30367.20707410119,749.8075820765725,33366.43740240748,7770.58785299875,0.6296296296296297
John F. Kennedy International Airport,Los Angeles International Airport,Airbus A220-300,4.293939922387085,26771.678836723753,557.7433090984115,20636.502436641225,4805.959750170186,0.53125
John F. Kennedy International Airport,Paris Charles de Gaulle Airport,Boeing 737-600,6.184306452166441,45907.68965803817,1285.9296822979882,31248.091279841115,5052.804469108175,0.5042016806722689
John F. Kennedy International Airport,Paris Charles de Gaulle Airport,Boeing 767-800,6.184306452166441,56384.61207254772,994.437602690436,3281.644088878442,530.6406004069931,0.31746031746031744
John F. Kennedy International Airport,Paris Charles de Gaulle Airport,Airbus A200-100,6.585266980383825,44437.24440687894,1097.2159112809616,21395.710269978757,3249.0270073654174,0.4444444444444444
John F. Kennedy International Airport,Paris Charles de Gaulle Airport,Airbus A220-300,6.585266980383825,38923.074715031806,810.897389896496,9730.768678757951,1477.6574294928269,0.375
Miami International Airport,Los Angeles International Airport,Boeing 737-600,3.8226186935777426,29903.8130032111,837.6418208182382,1926.5761878819503,503.99381741075257,0.31932773109243695
Seattle-Tacoma International Airport,Los Angeles International Airport,Boeing 737-600,1.598585016557595,14832.74337778281,415.4830077810311,5941.407011268746,3716.666270313866,0.42016806722689076
Seattle-Tacoma International Airport,Los Angeles International Airport,Airbus A200-100,1.7022295396091314,14452.647118913239,356.85548441761085,3390.127101967304,1991.5804673121525,0.37037037037037035
Seattle-Tacoma International Airport,Los Angeles International Airport,Airbus A220-300,1.7022295396091314,13027.286148152341,271.40179475317376,542.8035895063458,318.87802254388396,0.3125
Phoenix Sky Harbor International Airport,Los Angeles International Airport,Boeing 737-600,0.6126997615947364,8151.933876671211,228.34548674149053,5548.79532781822,9056.304042580012,0.5042016806722689
Phoenix Sky Harbor International Airport,Los Angeles International Airport,Boeing 767-800,0.6126997615947364,9189.917345839014,162.07967100245176,534.8629143080907,872.9608657198564,0.31746031746031744
Phoenix Sky Harbor International Airport,Los Angeles International Airport,Airbus A200-100,0.6524242516321973,8006.2519862616955,197.68523422868384,3854.862067459335,5908.52050305528,0.4444444444444444
Phoenix Sky Harbor International Airport,Los Angeles International Airport,Airbus A220-300,0.6524242516321973,7459.944897226009,155.4155186922085,1864.9862243065018,2858.5482830241012,0.375
Phoenix Sky Harbor International Airport,Paris Charles de Gaulle Airport,Boeing 737-600,9.450200537058825,68038.88202767677,1905.8510371898255,13912.71257148574,1472.2134749339168,0.36134453781512604
Phoenix Sky Harbor International Airport,Paris Charles de Gaulle Airport,Airbus A200-100,10.062905846604398,65791.90371091617,1624.4914496522513,4061.2286241306283,403.584082574025,0.31851851851851853
Newark Liberty International Airport,O'Hare International Airport,Boeing 737-600,1.1861304837618665,12037.762777751359,337.19223467090643,2798.695547768524,2359.517427536585,0.3697478991596639
Newark Liberty International Airport,O'Hare International Airport,Airbus A200-100,1.2630334491925808,11755.736013619735,290.2650867560428,1015.9278036461492,804.3554224914639,0.32592592592592595
Newark Liberty International Airport,Los Angeles International Airport,Boeing 737-600,3.998860669306984,31098.109256268413,871.0954973744655,42945.00802056115,10739.310911776194,0.7142857142857143
Newark Liberty International Airport,Los Angeles International Airport,Boeing 767-800,3.998860669306984,37872.63657033552,667.9477349265524,18902.920898421435,4727.076650484392,0.4497354497354497
Newark Liberty International Airport,Los Angeles International Airport,Airbus A200-100,4.25812745995436,30147.298405171285,744.3777383992909,33124.80935876844,7779.196294683834,0.6296296296296297
Newark Liberty International Airport,Los Angeles International Airport,Airbus A220-300,4.25812745995436,26581.757713557014,553.7866190324378,20490.1049042002,4811.99895890853,0.53125
Newark Liberty International Airport,Paris Charles de Gaulle Airport,Boeing 737-600,6.209657899766697,46079.48266451853,1290.7418113310514,31365.02601534455,5051.007079878421,0.5042016806722689
Newark Liberty International Airport,Paris Charles de Gaulle Airport,Boeing 767-800,6.209657899766697,56599.35333064816,998.224926466458,3294.142257339314,530.4869141765569,0.31746031746031744
Newark Liberty International Airport,Paris Charles de Gaulle Airport,Airbus A200-100,6.612262093268054,44603.009588570516,1101.3088787301363,21475.523135237665,3247.833015739334,0.4444444444444444
Newark Liberty International Airport,Paris Charles de Gaulle Airport,Airbus A220-300,6.612262093268054,39066.235553765444,813.8799073701134,9766.55888844136,1477.0374723023601,0.375
San Francisco International Airport,Dallas/Fort Worth International Airport,Boeing 737-600,2.45562289114351,20640.424085576517,578.1631396520033,751.6120815476061,306.0779748626642,0.31092436974789917
San Francisco International Airport,O'Hare International Airport,Boeing 737-600,3.10304494490022,25027.652098363826,701.0546806264377,7921.917891078745,2552.9497740914862,0.3949579831932773
San Francisco International Airport,O'Hare International Airport,Airbus A200-100,3.304231375393751,24289.83974403527,599.7491294823524,3898.3693416352908,1179.8112476825988,0.34814814814814815
San Francisco International Airport,Los Angeles International Airport,Boeing 737-600,0.5627806058957732,7813.658841110742,218.86999554932055,11665.770762778788,20728.80735506242,0.7478991596638656
San Francisco International Airport,Los Angeles International Airport,Boeing 767-800,0.5627806058957732,8767.073551388428,154.62210849009574,4994.294104230092,8874.318076900883,0.4708994708994709
San Francisco International Airport,Los Angeles International Airport,Airbus A200-100,0.5992685792450596,7679.846250194576,189.62583333813768,9196.85291689968,15346.796470600204,0.6592592592592592
San Francisco International Airport,Los Angeles International Airport,Airbus A220-300,0.5992685792450596,7178.049034258951,149.54268821372816,6131.250216762855,10231.222575504991,0.55625
San Francisco International Airport,Paris Charles de Gaulle Airport,Boeing 737-600,9.63113910833541,69265.00456071709,1940.1962061825518,54907.552634966225,5701.044499237446,0.5378151260504201
San Francisco International Airport,Paris Charles de Gaulle Airport,Boeing 767-800,9.63113910833541,85581.25570089638,1509.369589081065,11018.398000291781,1144.038921705092,0.3386243386243386
San Francisco International Airport,Paris Charles de Gaulle Airport,Airbus A200-100,10.255575599974739,66975.00440069195,1653.7038123627642,38862.03959052496,3789.3572341878776,0.4740740740740741
San Francisco International Airport,Paris Charles de Gaulle Airport,Airbus A220-300,10.255575599974739,58387.50380059758,1216.4063291791163,19462.50126686586,1897.7483103838463,0.4
George Bush Intercontinental Airport,Dallas/Fort Worth International Airport,Boeing 737-600,0.37203983008769315,6521.112085944974,182.66420408809452,237.4634653145231,638.2743085829031,0.31092436974789917
George Bush Intercontinental Airport,O'Hare International Airport,Boeing 737-600,1.5494727101379986,14499.935922049122,406.16067008540966,4589.615571965131,2962.0499554047465,0.3949579831932773
George Bush Intercontinental Airport,O'Hare International Airport,Airbus A200-100,1.6499330287073852,14131.5171177667,348.9263485868321,2268.0212658144083,1374.614136666659,0.34814814814814815
George Bush Intercontinental Airport,Los Angeles International Airport,Boeing 737-600,2.2655098908443008,19352.131424447667,542.0765104887303,29434.75451953806,12992.551759978605,0.7563025210084033
George Bush Intercontinental Airport,Los Angeles International Airport,Boeing 767-800,2.2655098908443008,23190.164280559587,408.99760635907563,13619.62029175722,6011.724047994121,0.47619047619047616
George Bush Intercontinental Airport,Los Angeles International Airport,Airbus A200-100,2.412394598052887,18813.46014639688,464.5298801579476,22994.229067818407,9531.703099641207,0.6666666666666666
George Bush Intercontinental Airport,Los Angeles International Airport,Airbus A220-300,2.412394598052887,16793.44285370639,349.8633927855498,14694.262496993095,6091.152131103782,0.5625
George Bush Intercontinental Airport,Paris Charles de Gaulle Airport,Boeing 737-600,8.640081058562501,62549.14183557123,1752.0768021168415,49583.77349990662,5738.808833369459,0.5378151260504201
George Bush Intercontinental Airport,Paris Charles de Gaulle Airport,Boeing 767-800,8.640081058562501,77186.42729446404,1361.312650696015,9937.58235008092,1150.1723517087341,0.3386243386243386
George Bush Intercontinental Airport,Paris Charles de Gaulle Airport,Airbus A200-100,9.200262138183586,60494.785981691544,1493.6984193010258,35101.912853574104,3815.3165992838003,0.4740740740740741
George Bush Intercontinental Airport,Paris Charles de Gaulle Airport,Airbus A220-300,9.200262138183586,52790.95152964268,1099.8114902008892,17596.983843214228,1912.6611371410786,0.4
Logan International Airport,Los Angeles International Airport,Boeing 737-600,4.249990694345055,32799.88119052048,918.7641790061759,23244.733728856256,5469.361088198427,0.5126050420168067
Logan International Airport,Los Angeles International Airport,Boeing 767-800,4.249990694345055,39999.851488150605,705.4647528774358,3033.498437372975,713.7659010428616,0.32275132275132273
Logan International Airport,Los Angeles International Airport,Airbus A200-100,4.525539541560833,31789.35904348468,784.9224455181403,16090.91013312188,3555.5782874835336,0.45185185185185184
Logan International Airport,Los Angeles International Airport,Airbus A220-300,4.525539541560833,27999.900992100404,583.3312706687584,7583.306518693862,1675.6690443319876,0.38125
Logan International Airport,Paris Charles de Gaulle Airport,Boeing 737-600,5.859714276239895,43708.10458259422,1224.3166549746281,10161.828236289417,1734.1849375649308,0.3697478991596639
Logan International Airport,Paris Charles de Gaulle Airport,Airbus A200-100,6.239629817226877,42314.83775513479,1044.8108087687601,3656.8378306906598,586.0664715388347,0.32592592592592595
Fort Lauderdale-Hollywood International Airport,Los Angeles International Airport,Boeing 737-600,3.8224102170825267,29902.400271107665,837.6022484904108,1926.4851715279474,503.99749428211464,0.31932773109243695
Minneapolis-Saint Paul International Airport,Los Angeles International Airport,Boeing 737-600,2.5215595322507873,21087.2409297918,590.6790176412269,6083.993881704639,2412.790102272129,0.3865546218487395
Minneapolis-Saint Paul International Airport,Los Angeles International Airport,Airbus A200-100,2.685045260165948,20487.68861646577,505.8688547275499,2782.2787010015236,1036.2129615757635,0.34074074074074073
LaGuardia Airport,O'Hare International Airport,Boeing 737-600,1.2098869897375977,12198.747730145094,341.70161709089905,2836.1234218544632,2344.1225882341014,0.3697478991596639
LaGuardia Airport,O'Hare International Airport,Airbus A200-100,1.2883302121491562,11911.072371192637,294.1005523751268,1029.3519333129443,798.9814440474918,0.32592592592592595
LaGuardia Airport,Los Angeles International Airport,Boeing 737-600,4.0236426575294635,31266.043345494058,875.7995334872286,43176.91700092037,10730.803074702268,0.7142857142857143
LaGuardia Airport,Los Angeles International Airport,Boeing 767-800,4.0236426575294635,38082.55418186758,671.6499855708568,19007.69459165525,4724.0016595624,0.4497354497354497
LaGuardia Airport,Los Angeles International Airport,Airbus A200-100,4.284516192468187,30309.34007021357,748.3787671657672,33302.855138876635,7772.839135821264,0.6296296296296297
LaGuardia Airport,Los Angeles International Airport,Airbus A220-300,4.284516192468187,26721.702787911716,556.7021414148275,20597.979232348618,4807.539126251431,0.53125
LaGuardia Airport,Paris Charles de Gaulle Airport,Boeing 737-600,6.181733270394572,45890.25260119708,1285.4412493332516,31236.22235879801,5052.987728926105,0.5042016806722689
LaGuardia Airport,Paris Charles de Gaulle Airport,Boeing 767-800,6.181733270394572,56362.81575149635,994.0531878570786,3280.3755199283623,530.6562700850695,0.31746031746031744
LaGuardia Airport,Paris Charles de Gaulle Airport,Airbus A200-100,6.582526965947626,44420.41917659367,1096.80047349614,21387.609233174735,3249.1487454310422,0.4444444444444444
LaGuardia Airport,Paris Charles de Gaulle Airport,Airbus A220-300,6.582526965947626,38908.5438343309,810.5946632152271,9727.13595858273,1477.720639642287,0.375
Detroit Metropolitan Airport,Los Angeles International Airport,Boeing 737-600,3.236573254567275,25932.501009938875,726.4005885136941,13293.130769800606,4107.162027320737,0.453781512605042
Detroit Metropolitan Airport,Los Angeles International Airport,Airbus A200-100,3.4464170150282305,25162.939570993654,621.3071499010779,8387.646523664549,2433.729431780862,0.4
Detroit Metropolitan Airport,Los Angeles International Airport,Airbus A220-300,3.4464170150282305,22277.08417494906,464.10592031143875,2784.635521868633,807.9798555212923,0.3375
Detroit Metropolitan Airport,Paris Charles de Gaulle Airport,Boeing 737-600,6.756813572381467,49787.25980977016,1394.6011151196126,3207.5825647751117,474.7182278176407,0.31932773109243695
Philadelphia International Airport,O'Hare International Airport,Boeing 737-600,1.119021135988173,11582.999136685661,324.4537573301306,1719.6049138496928,1536.7045880962407,0.3445378151260504
Philadelphia International Airport,O'Hare International Airport,Airbus A200-100,1.1915730557939996,11316.928991538798,279.43034547009376,139.7151727350465,117.25271233323407,0.3037037037037037
Philadelphia International Airport,Los Angeles International Airport,Boeing 737-600,3.914871235921733,30528.958432956526,855.1528972816955,36172.967555015726,9239.886927340796,0.6554621848739496
Philadelphia International Airport,Los Angeles International Airport,Boeing 767-800,3.914871235921733,37161.19804119566,655.4003181868724,13960.026777380386,3565.8967910073757,0.4126984126984127
Philadelphia International Airport,Los Angeles International Airport,Airbus A200-100,4.168692557811164,29598.11778618612,730.8177231157067,27405.664616839,6574.163058747791,0.5777777777777777
Philadelphia International Airport,Los Angeles International Airport,Airbus A220-300,4.168692557811164,26107.465360797105,543.9055283499397,16317.16585049819,3914.216657672104,0.4875
Philadelphia International Airport,Paris Charles de Gaulle Airport,Boeing 737-600,6.348424576681344,47019.82914896208,1317.0820489905348,26736.765594507866,4211.559146928478,0.47058823529411764
Philadelphia International Airport,Paris Charles de Gaulle Airport,Airbus A200-100,6.760025730554091,45510.36145952482,1123.7126286302425,17417.54574376876,2576.550214157412,0.4148148148148148
Philadelphia International Airport,Paris Charles de Gaulle Airport,Airbus A220-300,6.760025730554091,39849.85762413507,830.2053671694806,6641.642937355849,982.4878191419934,0.35
San Diego International Airport,Los Angeles International Airport,Boeing 737-600,-0.0010319917440660474,3993.006751836364,111.84892862286735,480.9503930783303,-466040.9308929021,0.33613445378151263
Tampa International Airport,Los Angeles International Airport,Boeing 737-600,3.5258385710718505,27892.695124941256,781.3079866930325,2578.3163560870125,731.2633020811295,0.3277310924369748
Paris Charles de Gaulle Airport,Hartsfield-Jackson Atlanta International Airport,Boeing 737-600,7.057982209790439,51828.116272639665,1451.7679628190383,32374.425570864558,4586.923657296353,0.48739495798319327
Paris Charles de Gaulle Airport,Hartsfield-Jackson Atlanta International Airport,Boeing 767-800,7.057982209790439,63785.145340799594,1124.9584716190404,1462.4460131047526,207.20454793384562,0.30687830687830686
Paris Charles de Gaulle Airport,Hartsfield-Jackson Atlanta International Airport,Airbus A200-100,7.515587649765863,50149.936754301445,1238.270043316085,21669.725758031484,2883.304242843415,0.42962962962962964
Paris Charles de Gaulle Airport,Hartsfield-Jackson Atlanta International Airport,Airbus A220-300,7.515587649765863,43856.76356053306,913.682574177772,9136.82574177772,1215.7167433290947,0.3625
Paris Charles de Gaulle Airport,Dallas/Fort Worth International Airport,Boeing 737-600,7.914147656979092,57629.88501327967,1614.2824933691786,58598.45450930119,7404.266011846031,0.6050420168067226
Paris Charles de Gaulle Airport,Dallas/Fort Worth International Airport,Boeing 767-800,7.914147656979092,71037.35626659959,1252.8634262186877,19168.81042114593,2422.094109432228,0.38095238095238093
Paris Charles de Gaulle Airport,Dallas/Fort Worth International Airport,Airbus A200-100,8.427262724849166,55748.13466193653,1376.497152146581,43359.6602926173,5145.165364877522,0.5333333333333333
Paris Charles de Gaulle Airport,Dallas/Fort Worth International Airport,Airbus A220-300,8.427262724849166,48691.57084439972,1014.4077259249942,24345.785422199864,2888.931580406568,0.45
Paris Charles de Gaulle Airport,O'Hare International Airport,Boeing 737-600,6.678167959375258,49254.32115798718,1379.6728615682684,74916.23638315697,11218.082090610578,0.7563025210084033
Paris Charles de Gaulle Airport,O'Hare International Airport,Boeing 767-800,6.678167959375258,60567.90144748398,1068.2169567457493,35571.62465963345,5326.554359821938,0.47619047619047616
Paris Charles de Gaulle Airport,O'Hare International Airport,Airbus A200-100,7.1111480798182685,47666.450240163074,1176.9493886460018,58258.99473797709,8192.628543809757,0.6666666666666666
Paris Charles de Gaulle Airport,O'Hare International Airport,Airbus A220-300,7.1111480798182685,41711.93429832265,868.9986312150553,36497.94251103232,5132.496483178994,0.5625
Paris Charles de Gaulle Airport,Los Angeles International Airport,Boeing 737-600,9.018146215522997,65111.08429281599,1823.839896157311,248589.37784624146,27565.463223288938,1.4453781512605042
Paris Charles de Gaulle Airport,Los Angeles International Airport,Boeing 767-800,9.018146215522997,80388.85536601998,1417.7928635982362,163471.51717287663,18126.953507528186,0.91005291005291
Paris Charles de Gaulle Airport,Los Angeles International Airport,Airbus A200-100,9.602839211914047,62966.83572113824,1554.736684472549,204447.87400814024,21290.356893041167,1.2740740740740741
Paris Charles de Gaulle Airport,Los Angeles International Airport,Airbus A220-300,9.602839211914047,54925.90357734665,1144.2896578613886,141891.9175748122,14776.038049118826,1.075
Paris Charles de Gaulle Airport,John F. Kennedy International Airport,Boeing 737-600,5.868190486980567,43765.54326418993,1225.92558162997,33467.768378498185,5703.251871722858,0.5294117647058824
Paris Charles de Gaulle Airport,John F. Kennedy International Airport,Boeing 767-800,5.868190486980567,53706.929080237416,947.2121530906071,5967.4365644708305,1016.9125521249617,0.3333333333333333
Paris Charles de Gaulle Airport,John F. Kennedy International Airport,Airbus A200-100,6.248655584488099,42370.2610443938,1046.1792850467605,23539.033913552106,3767.0557442766253,0.4666666666666667
Paris Charles de Gaulle Airport,John F. Kennedy International Airport,Airbus A220-300,6.248655584488099,37137.952720158275,773.7073483366307,11605.610225049459,1857.2971526642737,0.39375
Paris Charles de Gaulle Airport,Seattle-Tacoma International Airport,Boeing 737-600,8.013642963120924,58304.11072387051,1633.1683676154205,3756.287245515472,468.7365362796973,0.31932773109243695
Paris Charles de Gaulle Airport,Phoenix Sky Harbor International Airport,Boeing 737-600,8.73086573846061,63164.34035787949,1769.3092537221148,16454.576059615683,1884.6442669632538,0.37815126050420167
Paris Charles de Gaulle Airport,Phoenix Sky Harbor International Airport,Airbus A200-100,9.296932857767397,61088.39859093636,1508.3555207638608,6787.599843437369,730.0902294638461,0.3333333333333333
Paris Charles de Gaulle Airport,Newark Liberty International Airport,Boeing 737-600,5.891010004195916,43920.17875209854,1230.2571079019199,33586.01904572241,5701.232729498085,0.5294117647058824
Paris Charles de Gaulle Airport,Newark Liberty International Airport,Boeing 767-800,5.891010004195916,53900.223440123176,950.6212246935305,5988.913715569244,1016.6191724854643,0.3333333333333333
Paris Charles de Gaulle Airport,Newark Liberty International Airport,Airbus A200-100,6.2729546088635635,42519.47072570912,1049.8634747088672,23621.928180949515,3765.6781618620653,0.4666666666666667
Paris Charles de Gaulle Airport,Newark Liberty International Airport,Airbus A220-300,6.2729546088635635,37266.81562674878,776.3919922239329,11645.879883358997,1856.522262556084,0.39375
Paris Charles de Gaulle Airport,San Francisco International Airport,Boeing 737-600,8.885042232774568,64209.11081455864,1798.5745326206904,54496.808338406925,6133.545222484439,0.5546218487394958
Paris Charles de Gaulle Airport,San Francisco International Airport,Boeing 767-800,8.885042232774568,79261.3885181983,1397.908086740711,13000.545206688621,1463.1945314489392,0.3492063492063492
Paris Charles de Gaulle Airport,San Francisco International Airport,Airbus A200-100,9.461105410503908,62096.51043510045,1533.2471712370482,39097.80286654473,4132.477249765928,0.4888888888888889
Paris Charles de Gaulle Airport,San Francisco International Airport,Airbus A220-300,9.461105410503908,54174.2590121322,1128.6303960860876,20315.347129549584,2147.2487883915846,0.4125
Paris Charles de Gaulle Airport,George Bush Intercontinental Airport,Boeing 737-600,8.034980878980887,58448.706203206,1637.21866115423,51244.944094127415,6377.730683613903,0.5630252100840336
Paris Charles de Gaulle Airport,George Bush Intercontinental Airport,Boeing 767-800,8.034980878980887,72060.88275400751,1270.915039753219,13090.424909458161,1629.1793479810344,0.3544973544973545
Paris Charles de Gaulle Airport,George Bush Intercontinental Airport,Airbus A200-100,8.55593018871701,56538.22528379527,1396.005562562846,36994.147407915414,4323.801923571189,0.4962962962962963
Paris Charles de Gaulle Airport,George Bush Intercontinental Airport,Airbus A220-300,8.55593018871701,49373.921836005,1028.6233715834376,19543.84406008532,2284.245386417299,0.41875
Paris Charles de Gaulle Airport,Logan International Airport,Boeing 737-600,5.575166215273272,41779.876749122566,1170.3046708437696,12054.138109690837,2162.112777313849,0.3865546218487395
Paris Charles de Gaulle Airport,Logan International Airport,Airbus A200-100,5.936633035823958,40454.26703862704,998.8707910772109,5493.789350924664,925.4049084342923,0.34074074074074073
Paris Charles de Gaulle Airport,LaGuardia Airport,Boeing 737-600,5.865873760686937,43749.84406699021,1225.4858282070088,33455.763110051346,5703.457741329474,0.5294117647058824
Paris Charles de Gaulle Airport,LaGuardia Airport,Boeing 767-800,5.865873760686937,53687.30508373777,946.8660508595726,5965.25612041531,1016.9424648028454,0.3333333333333333
Paris Charles de Gaulle Airport,LaGuardia Airport,Airbus A200-100,6.246188652863343,42355.11269621863,1045.8052517584847,23530.6181645659,3767.1962011232445,0.4666666666666667
Paris Charles de Gaulle Airport,LaGuardia Airport,Airbus A220-300,6.246188652863343,37124.87005582518,773.4347928296912,11601.521892445366,1857.376159640497,0.39375
Paris Charles de Gaulle Airport,Detroit Metropolitan Airport,Boeing 737-600,6.381191404823813,47241.872166314795,1323.3017413533557,7013.49922917279,1099.0893054659023,0.3445378151260504
Paris Charles de Gaulle Airport,Detroit Metropolitan Airport,Airbus A200-100,6.794917001400302,45724.613493812525,1129.0028023163586,564.5014011581807,83.07701198437711,0.3037037037037037
Paris Charles de Gaulle Airport,Philadelphia International Airport,Boeing 737-600,6.015747808836416,44765.459180216356,1253.9344308183854,27962.737807249992,4648.256325867927,0.48739495798319327
Paris Charles de Gaulle Airport,Philadelphia International Airport,Boeing 767-800,6.015747808836416,54956.82397527044,969.2561547666745,1260.0330011966798,209.45575533366636,0.30687830687830686
Paris Charles de Gaulle Airport,Philadelphia International Airport,Airbus A200-100,6.405779809629106,43335.09219143684,1070.0022763317738,18725.03983580605,2923.14759362455,0.42962962962962964
Paris Charles de Gaulle Airport,Philadelphia International Airport,Airbus A220-300,6.405779809629106,37971.215983513626,791.0669996565339,7910.669996565339,1234.9269303128553,0.3625
